{
  "height": 103,
  "width": 299,
  "x": 181.1999969482422,
  "y": 235.60000610351562
}